{
  "version": "1.0",
  "defaultProvider": "cdnjs",
  "libraries": [
    {
      "library": "jquery@3.3.1",
      "destination": "wwwroot/lib/jquery/"
    },
    {
      "library": "twitter-bootstrap@5.3.8",
      "destination": "wwwroot/lib/twitter-bootstrap/"
    },
    {
      "library": "popper.js@2.11.8",
      "destination": "wwwroot/lib/popper.js/"
    },
    {
      "library": "jquery-validate@1.21.0",
      "destination": "wwwroot/lib/jquery-validate/"
    },
    {
      "library": "jquery-validation-unobtrusive@4.0.0",
      "destination": "wwwroot/lib/jquery-validation-unobtrusive/"
    }
  ]
}